seq	design	pred_optimus_5	pred_k_mer	pred_k_mer_no_uaug
CCGGATATCCGGATTTAATAGATAGAAGATATAATAAGATAATTATTGCT	am_st	8.296751976013184	8.25482913270193	8.286530643645804
CCGTAATCCGTTTTATAGTGAGAGAGTAGTAATTTAAGTAGAGAATCGTT	am_st	8.129437446594238	8.345398548543162	8.38656626714733
ACAGAGAGTTTTCTATAACGTAAATCCGTAGCTAAGTAAGTAGAAGAGTT	am_st	7.935946941375732	8.27933593551943	8.300221949582642
CCCGTAACTTAATAATATCCGAGATTAGTAGCTAATTTAGCGAGTAGGAA	am_st	7.910668849945068	8.182984461775948	8.340010099320203
TCGTAAACGTAATTCAGATAGTTTAGTAGTGATCTAGTAGAATTATTGCT	am_st	8.139898300170898	8.454071813739315	8.42289918005115
CCGTAATCCGGATTTTAAAGAGAATCCGTAACTAACTAGAGAGTATTGCT	am_st	8.164315223693848	8.355340907544413	8.354944720389582
TTGGAGATATAATTATTACGAGAGTAGGTAATACAATTATAGGGGGGGCC	am_st	8.348085403442383	7.80168073865103	7.967027850941069
CCCTGATTTAAGTTGTAACCTGATAGCGTAGAAGAATCGTGATTAGTGTC	am_st	8.037036895751953	8.211642722302345	8.390538587411063
CTGAGATAACAAATCCGATTCTGTAGAGGTTCTAAGTAGATAGAATAGTA	am_st	7.98517370223999	8.3224315208893	8.352151120911886
CCCTGATAGCGGAGCTAGACTAGTAGAGTGATTAATCCGTAACTAGTGTC	am_st	7.958172798156738	8.051127111393452	8.170774805613934
CCCAGAGAATATAAATCATAGTATAGTAATCCAAGAGAGTAGAAGATATT	am_st_vae	7.8580756187438965	8.305196061332898	8.413821409528934
GAGAGAGAGTTTATACCACAGAGTAACTTAACCCAATAATAACTAGAGTA	am_st_vae	7.977842807769775	8.405308023820256	8.425978598976195
CCCGGATAAAAAAACCCTGAGTGTAATCTAAGAGAATCGTAGAAAGAGTA	am_st_vae	7.8490753173828125	8.26661762656377	8.261783512431583
CCCGTAGCGTAAAAAACAATTAGTAGAGAGAAATTATTGAGCGTAAAGTA	am_st_vae	7.926457405090332	8.247100636303278	8.437959035931408
CCGGAGATACAAAAACCTAACTAATAAATAACTAGATAAAAAGAATCGTA	am_st_vae	7.898016452789307	8.251193325534636	8.411305845258443
CCGGAGAAAAAAAATTTCGAGAGAGTATACAAACCTCTGTAACGTAAGAT	am_st_vae	7.859468460083008	8.325450704941693	8.214741088012303
CCCAGATAAACAAAATCCGTTTCAGAGAGAGTAACAGACTAACTAACGTT	am_st_vae	8.016596794128418	8.233153673070841	8.396647199895765
CCGTAACCCGAATTCTGAGAGAGTAGATTAACTAGAGAATAACGTAAATT	am_st_vae	8.04543685913086	8.297476515041401	8.45415447893119
CCGAAGTAAACAAATCCATAGAGTAGATAGACTAGAGAGTGAATAAAATA	am_st_vae	7.957551002502441	8.41841213288582	8.410177681335739
CCCAAATAAGCAAAAAAAATCCCTAGCTTAGAGAGTTTAGTAGTGTGTAA	am_st_vae	7.872611045837402	8.395872957066004	8.476462343039572
