seq	design	pred_optimus_5	pred_k_mer_no_uaug
TTACGAGTAGAGAAGACCTTCTGAA	am_st	7.2418928146362305	6.745057121055985
TTTGACCTTTCCTACTGATAGAGAA	am_st	7.169063568115234	7.3906018865675716
CAAACTCTCTGAGGAGAGGTTTAAA	am_st	7.268687725067139	6.911784901891994
TTTCCGTCTACTCGAGAGAGGAAAA	am_st	7.1743879318237305	7.265701540212769
TTCGAGCGACCTGAATTAGAGGACA	am_st	7.0868330001831055	6.969983994642337
TTACCGGTTACTCGAATTGGGGAAA	am_st	7.244322299957275	6.847561530158686
TTGATCCGAGGGACTCACGTGTAAT	am_st	7.085954666137695	6.994041528961543
TATCCGTTTGCGAGTCGAGGTTAAA	am_st	7.214130401611328	7.051460700982441
CTTACTGTCTACTCGTGAGAGAGAA	am_st	7.08674430847168	6.909600641306356
TTAAACTCTGCGACTCGAGGTTAAA	am_st	7.0872111320495605	6.788949549474953
TTTACCGGAATCCGAATTTGCGAAA	am_st_vae	7.193542957305908	7.154987530508638
TTCCGACCTTCCGAGGAGTTTAAGA	am_st_vae	7.180799961090088	6.783800470224813
CTACGGTTGTCTGAGTAATTCAAGA	am_st_vae	6.904998302459717	7.030689349795336
CTTATCCGACTCTCTATTGATTGAA	am_st_vae	7.01686954498291	7.260861131961838
CTTTACCGTTACTCTAGGAGAAGAA	am_st_vae	7.043693542480469	6.858403416478638
CTAACGTGTGTCACTCTTAGTAACT	am_st_vae	7.028362274169922	6.70413944550536
TATCCGGATATCCTTTAGGGTTCAA	am_st_vae	6.859969615936279	6.917193782822445
CGATTCACTCGAAGGAATTTTAGAT	am_st_vae	6.986636161804199	6.63612073804727
TATCCGTTTACTCTATAGAGTGGAT	am_st_vae	7.138166904449463	7.011954191766041
TTCCAGTCTCTTCTGAGAAGTGGAT	am_st_vae	7.340372562408447	6.953502785857473
